--
-- PostgreSQL database dump
--

-- Dumped from database version 13.9 (Debian 13.9-1.pgdg110+1)
-- Dumped by pg_dump version 13.9 (Debian 13.9-1.pgdg110+1)

SET statement_timeout = 0;
SET lock_timeout = 0;
SET idle_in_transaction_session_timeout = 0;
SET client_encoding = 'UTF8';
SET standard_conforming_strings = on;
SELECT pg_catalog.set_config('search_path', '', false);
SET check_function_bodies = false;
SET xmloption = content;
SET client_min_messages = warning;
SET row_security = off;


SET default_tablespace = '';

SET default_table_access_method = heap;

--
-- Name: apscheduler_jobs; Type: TABLE; Schema: public; Owner: username
--

CREATE TABLE public.apscheduler_jobs (
    id character varying(191) NOT NULL,
    next_run_time double precision,
    job_state bytea NOT NULL
);


ALTER TABLE public.apscheduler_jobs OWNER TO username;

--
-- Name: auth_group; Type: TABLE; Schema: public; Owner: username
--

CREATE TABLE public.auth_group (
    id integer NOT NULL,
    name character varying(150) NOT NULL
);


ALTER TABLE public.auth_group OWNER TO username;

--
-- Name: auth_group_id_seq; Type: SEQUENCE; Schema: public; Owner: username
--

ALTER TABLE public.auth_group ALTER COLUMN id ADD GENERATED BY DEFAULT AS IDENTITY (
    SEQUENCE NAME public.auth_group_id_seq
    START WITH 1
    INCREMENT BY 1
    NO MINVALUE
    NO MAXVALUE
    CACHE 1
);


--
-- Name: auth_group_permissions; Type: TABLE; Schema: public; Owner: username
--

CREATE TABLE public.auth_group_permissions (
    id bigint NOT NULL,
    group_id integer NOT NULL,
    permission_id integer NOT NULL
);


ALTER TABLE public.auth_group_permissions OWNER TO username;

--
-- Name: auth_group_permissions_id_seq; Type: SEQUENCE; Schema: public; Owner: username
--

ALTER TABLE public.auth_group_permissions ALTER COLUMN id ADD GENERATED BY DEFAULT AS IDENTITY (
    SEQUENCE NAME public.auth_group_permissions_id_seq
    START WITH 1
    INCREMENT BY 1
    NO MINVALUE
    NO MAXVALUE
    CACHE 1
);


--
-- Name: auth_permission; Type: TABLE; Schema: public; Owner: username
--

CREATE TABLE public.auth_permission (
    id integer NOT NULL,
    name character varying(255) NOT NULL,
    content_type_id integer NOT NULL,
    codename character varying(100) NOT NULL
);


ALTER TABLE public.auth_permission OWNER TO username;

--
-- Name: auth_permission_id_seq; Type: SEQUENCE; Schema: public; Owner: username
--

ALTER TABLE public.auth_permission ALTER COLUMN id ADD GENERATED BY DEFAULT AS IDENTITY (
    SEQUENCE NAME public.auth_permission_id_seq
    START WITH 1
    INCREMENT BY 1
    NO MINVALUE
    NO MAXVALUE
    CACHE 1
);


--
-- Name: authtoken_token; Type: TABLE; Schema: public; Owner: username
--

CREATE TABLE public.authtoken_token (
    key character varying(40) NOT NULL,
    created timestamp with time zone NOT NULL,
    user_id bigint NOT NULL
);


ALTER TABLE public.authtoken_token OWNER TO username;

--
-- Name: clients_client; Type: TABLE; Schema: public; Owner: username
--

CREATE TABLE public.clients_client (
    id bigint NOT NULL,
    name character varying(120) NOT NULL,
    last_activity timestamp with time zone,
    web_site character varying(200),
    phone character varying(30),
    address character varying(254),
    description text,
    is_active boolean NOT NULL,
    date_created timestamp with time zone NOT NULL
);


ALTER TABLE public.clients_client OWNER TO username;

--
-- Name: clients_client_id_seq; Type: SEQUENCE; Schema: public; Owner: username
--

ALTER TABLE public.clients_client ALTER COLUMN id ADD GENERATED BY DEFAULT AS IDENTITY (
    SEQUENCE NAME public.clients_client_id_seq
    START WITH 1
    INCREMENT BY 1
    NO MINVALUE
    NO MAXVALUE
    CACHE 1
);


--
-- Name: clients_contact; Type: TABLE; Schema: public; Owner: username
--

CREATE TABLE public.clients_contact (
    id bigint NOT NULL,
    contact character varying(120) NOT NULL,
    fio character varying(120),
    description text,
    last_activity timestamp with time zone,
    client_id bigint NOT NULL
);


ALTER TABLE public.clients_contact OWNER TO username;

--
-- Name: clients_contact_id_seq; Type: SEQUENCE; Schema: public; Owner: username
--

ALTER TABLE public.clients_contact ALTER COLUMN id ADD GENERATED BY DEFAULT AS IDENTITY (
    SEQUENCE NAME public.clients_contact_id_seq
    START WITH 1
    INCREMENT BY 1
    NO MINVALUE
    NO MAXVALUE
    CACHE 1
);


--
-- Name: django_admin_log; Type: TABLE; Schema: public; Owner: username
--

CREATE TABLE public.django_admin_log (
    id integer NOT NULL,
    action_time timestamp with time zone NOT NULL,
    object_id text,
    object_repr character varying(200) NOT NULL,
    action_flag smallint NOT NULL,
    change_message text NOT NULL,
    content_type_id integer,
    user_id bigint NOT NULL,
    CONSTRAINT django_admin_log_action_flag_check CHECK ((action_flag >= 0))
);


ALTER TABLE public.django_admin_log OWNER TO username;

--
-- Name: django_admin_log_id_seq; Type: SEQUENCE; Schema: public; Owner: username
--

ALTER TABLE public.django_admin_log ALTER COLUMN id ADD GENERATED BY DEFAULT AS IDENTITY (
    SEQUENCE NAME public.django_admin_log_id_seq
    START WITH 1
    INCREMENT BY 1
    NO MINVALUE
    NO MAXVALUE
    CACHE 1
);


--
-- Name: django_content_type; Type: TABLE; Schema: public; Owner: username
--

CREATE TABLE public.django_content_type (
    id integer NOT NULL,
    app_label character varying(100) NOT NULL,
    model character varying(100) NOT NULL
);


ALTER TABLE public.django_content_type OWNER TO username;

--
-- Name: django_content_type_id_seq; Type: SEQUENCE; Schema: public; Owner: username
--

ALTER TABLE public.django_content_type ALTER COLUMN id ADD GENERATED BY DEFAULT AS IDENTITY (
    SEQUENCE NAME public.django_content_type_id_seq
    START WITH 1
    INCREMENT BY 1
    NO MINVALUE
    NO MAXVALUE
    CACHE 1
);


--
-- Name: django_migrations; Type: TABLE; Schema: public; Owner: username
--

CREATE TABLE public.django_migrations (
    id bigint NOT NULL,
    app character varying(255) NOT NULL,
    name character varying(255) NOT NULL,
    applied timestamp with time zone NOT NULL
);


ALTER TABLE public.django_migrations OWNER TO username;

--
-- Name: django_migrations_id_seq; Type: SEQUENCE; Schema: public; Owner: username
--

ALTER TABLE public.django_migrations ALTER COLUMN id ADD GENERATED BY DEFAULT AS IDENTITY (
    SEQUENCE NAME public.django_migrations_id_seq
    START WITH 1
    INCREMENT BY 1
    NO MINVALUE
    NO MAXVALUE
    CACHE 1
);


--
-- Name: django_session; Type: TABLE; Schema: public; Owner: username
--

CREATE TABLE public.django_session (
    session_key character varying(40) NOT NULL,
    session_data text NOT NULL,
    expire_date timestamp with time zone NOT NULL
);


ALTER TABLE public.django_session OWNER TO username;

--
-- Name: mail_attachment; Type: TABLE; Schema: public; Owner: username
--

CREATE TABLE public.mail_attachment (
    id bigint NOT NULL,
    file character varying(100) NOT NULL,
    inline boolean NOT NULL,
    mail_id bigint
);


ALTER TABLE public.mail_attachment OWNER TO username;

--
-- Name: mail_attachment_id_seq; Type: SEQUENCE; Schema: public; Owner: username
--

ALTER TABLE public.mail_attachment ALTER COLUMN id ADD GENERATED BY DEFAULT AS IDENTITY (
    SEQUENCE NAME public.mail_attachment_id_seq
    START WITH 1
    INCREMENT BY 1
    NO MINVALUE
    NO MAXVALUE
    CACHE 1
);


--
-- Name: mail_mail; Type: TABLE; Schema: public; Owner: username
--

CREATE TABLE public.mail_mail (
    id bigint NOT NULL,
    messageid integer NOT NULL,
    from_name character varying(255),
    from_email character varying(254) NOT NULL,
    "to" character varying(255),
    cc character varying(255),
    date date NOT NULL,
    subject character varying(255) NOT NULL,
    text_html text,
    server_messageid character varying(255) NOT NULL
);


ALTER TABLE public.mail_mail OWNER TO username;

--
-- Name: mail_mail_id_seq; Type: SEQUENCE; Schema: public; Owner: username
--

ALTER TABLE public.mail_mail ALTER COLUMN id ADD GENERATED BY DEFAULT AS IDENTITY (
    SEQUENCE NAME public.mail_mail_id_seq
    START WITH 1
    INCREMENT BY 1
    NO MINVALUE
    NO MAXVALUE
    CACHE 1
);


--
-- Name: settings_email; Type: TABLE; Schema: public; Owner: username
--

CREATE TABLE public.settings_email (
    id bigint NOT NULL,
    imap character varying NOT NULL,
    imap_port integer NOT NULL,
    smtp character varying NOT NULL,
    smtp_port integer NOT NULL,
    name character varying NOT NULL,
    email character varying(254) NOT NULL,
    password character varying NOT NULL,
    ssl boolean NOT NULL,
    sending boolean NOT NULL,
    get_method character varying NOT NULL
);


ALTER TABLE public.settings_email OWNER TO username;

--
-- Name: settings_email_id_seq; Type: SEQUENCE; Schema: public; Owner: username
--

ALTER TABLE public.settings_email ALTER COLUMN id ADD GENERATED BY DEFAULT AS IDENTITY (
    SEQUENCE NAME public.settings_email_id_seq
    START WITH 1
    INCREMENT BY 1
    NO MINVALUE
    NO MAXVALUE
    CACHE 1
);


--
-- Name: tasks_comment; Type: TABLE; Schema: public; Owner: username
--

CREATE TABLE public.tasks_comment (
    id bigint NOT NULL,
    comment text NOT NULL,
    date_created timestamp with time zone NOT NULL,
    performer_id bigint,
    task_id bigint
);


ALTER TABLE public.tasks_comment OWNER TO username;

--
-- Name: tasks_comment_id_seq; Type: SEQUENCE; Schema: public; Owner: username
--

ALTER TABLE public.tasks_comment ALTER COLUMN id ADD GENERATED BY DEFAULT AS IDENTITY (
    SEQUENCE NAME public.tasks_comment_id_seq
    START WITH 1
    INCREMENT BY 1
    NO MINVALUE
    NO MAXVALUE
    CACHE 1
);


--
-- Name: tasks_task; Type: TABLE; Schema: public; Owner: username
--

CREATE TABLE public.tasks_task (
    id bigint NOT NULL,
    title character varying(254) NOT NULL,
    hours_cost numeric(3,1) NOT NULL,
    status character varying(30) NOT NULL,
    description text,
    fire boolean NOT NULL,
    drive boolean NOT NULL,
    date_created timestamp with time zone NOT NULL,
    date_closed timestamp with time zone,
    created_from character varying(30) NOT NULL,
    contacts character varying(90),
    client_id bigint,
    mail_id bigint,
    performer_id bigint
);


ALTER TABLE public.tasks_task OWNER TO username;

--
-- Name: tasks_task_id_seq; Type: SEQUENCE; Schema: public; Owner: username
--

ALTER TABLE public.tasks_task ALTER COLUMN id ADD GENERATED BY DEFAULT AS IDENTITY (
    SEQUENCE NAME public.tasks_task_id_seq
    START WITH 1
    INCREMENT BY 1
    NO MINVALUE
    NO MAXVALUE
    CACHE 1
);


--
-- Name: users_user; Type: TABLE; Schema: public; Owner: username
--

CREATE TABLE public.users_user (
    id bigint NOT NULL,
    password character varying(128) NOT NULL,
    last_login timestamp with time zone,
    is_superuser boolean NOT NULL,
    email character varying(254) NOT NULL,
    first_name character varying(30) NOT NULL,
    last_name character varying(30) NOT NULL,
    is_active boolean NOT NULL,
    date_joined timestamp with time zone NOT NULL,
    is_staff boolean NOT NULL,
    background character varying(100) NOT NULL,
    avatar character varying(100) NOT NULL,
    notify_new_tasks boolean NOT NULL
);


ALTER TABLE public.users_user OWNER TO username;

--
-- Name: users_user_groups; Type: TABLE; Schema: public; Owner: username
--

CREATE TABLE public.users_user_groups (
    id bigint NOT NULL,
    user_id bigint NOT NULL,
    group_id integer NOT NULL
);


ALTER TABLE public.users_user_groups OWNER TO username;

--
-- Name: users_user_groups_id_seq; Type: SEQUENCE; Schema: public; Owner: username
--

ALTER TABLE public.users_user_groups ALTER COLUMN id ADD GENERATED BY DEFAULT AS IDENTITY (
    SEQUENCE NAME public.users_user_groups_id_seq
    START WITH 1
    INCREMENT BY 1
    NO MINVALUE
    NO MAXVALUE
    CACHE 1
);


--
-- Name: users_user_id_seq; Type: SEQUENCE; Schema: public; Owner: username
--

ALTER TABLE public.users_user ALTER COLUMN id ADD GENERATED BY DEFAULT AS IDENTITY (
    SEQUENCE NAME public.users_user_id_seq
    START WITH 1
    INCREMENT BY 1
    NO MINVALUE
    NO MAXVALUE
    CACHE 1
);


--
-- Name: users_user_user_permissions; Type: TABLE; Schema: public; Owner: username
--

CREATE TABLE public.users_user_user_permissions (
    id bigint NOT NULL,
    user_id bigint NOT NULL,
    permission_id integer NOT NULL
);


ALTER TABLE public.users_user_user_permissions OWNER TO username;

--
-- Name: users_user_user_permissions_id_seq; Type: SEQUENCE; Schema: public; Owner: username
--

ALTER TABLE public.users_user_user_permissions ALTER COLUMN id ADD GENERATED BY DEFAULT AS IDENTITY (
    SEQUENCE NAME public.users_user_user_permissions_id_seq
    START WITH 1
    INCREMENT BY 1
    NO MINVALUE
    NO MAXVALUE
    CACHE 1
);


--
-- Data for Name: apscheduler_jobs; Type: TABLE DATA; Schema: public; Owner: username
--



--
-- Data for Name: auth_group; Type: TABLE DATA; Schema: public; Owner: username
--

INSERT INTO public.auth_group (id, name) VALUES (1, 'Редактирование настроек vcrm');
INSERT INTO public.auth_group (id, name) VALUES (2, 'Управление пользователями');
INSERT INTO public.auth_group (id, name) VALUES (3, 'Управление правами пользователей');
INSERT INTO public.auth_group (id, name) VALUES (4, 'Просмотр детализированных отчетов');
INSERT INTO public.auth_group (id, name) VALUES (5, 'Просмотр задач других пользователей');
INSERT INTO public.auth_group (id, name) VALUES (6, 'Редактирование закрытых задач');
INSERT INTO public.auth_group (id, name) VALUES (7, 'Изменение исполнителя задач');
INSERT INTO public.auth_group (id, name) VALUES (8, 'Редактирование клиентов');
INSERT INTO public.auth_group (id, name) VALUES (9, 'Редактирование контактов');


--
-- Data for Name: auth_group_permissions; Type: TABLE DATA; Schema: public; Owner: username
--

INSERT INTO public.auth_group_permissions (id, group_id, permission_id) VALUES (1, 1, 53);
INSERT INTO public.auth_group_permissions (id, group_id, permission_id) VALUES (2, 2, 24);
INSERT INTO public.auth_group_permissions (id, group_id, permission_id) VALUES (3, 2, 21);
INSERT INTO public.auth_group_permissions (id, group_id, permission_id) VALUES (4, 2, 22);
INSERT INTO public.auth_group_permissions (id, group_id, permission_id) VALUES (5, 2, 23);
INSERT INTO public.auth_group_permissions (id, group_id, permission_id) VALUES (6, 3, 8);
INSERT INTO public.auth_group_permissions (id, group_id, permission_id) VALUES (7, 3, 5);
INSERT INTO public.auth_group_permissions (id, group_id, permission_id) VALUES (8, 3, 6);
INSERT INTO public.auth_group_permissions (id, group_id, permission_id) VALUES (9, 3, 7);
INSERT INTO public.auth_group_permissions (id, group_id, permission_id) VALUES (10, 4, 49);
INSERT INTO public.auth_group_permissions (id, group_id, permission_id) VALUES (11, 5, 50);
INSERT INTO public.auth_group_permissions (id, group_id, permission_id) VALUES (12, 6, 51);
INSERT INTO public.auth_group_permissions (id, group_id, permission_id) VALUES (13, 7, 52);
INSERT INTO public.auth_group_permissions (id, group_id, permission_id) VALUES (14, 8, 33);
INSERT INTO public.auth_group_permissions (id, group_id, permission_id) VALUES (15, 8, 34);
INSERT INTO public.auth_group_permissions (id, group_id, permission_id) VALUES (16, 8, 35);
INSERT INTO public.auth_group_permissions (id, group_id, permission_id) VALUES (17, 8, 36);
INSERT INTO public.auth_group_permissions (id, group_id, permission_id) VALUES (18, 9, 40);
INSERT INTO public.auth_group_permissions (id, group_id, permission_id) VALUES (19, 9, 37);
INSERT INTO public.auth_group_permissions (id, group_id, permission_id) VALUES (20, 9, 38);
INSERT INTO public.auth_group_permissions (id, group_id, permission_id) VALUES (21, 9, 39);


--
-- Data for Name: auth_permission; Type: TABLE DATA; Schema: public; Owner: username
--

INSERT INTO public.auth_permission (id, name, content_type_id, codename) VALUES (1, 'Can add log entry', 1, 'add_logentry');
INSERT INTO public.auth_permission (id, name, content_type_id, codename) VALUES (2, 'Can change log entry', 1, 'change_logentry');
INSERT INTO public.auth_permission (id, name, content_type_id, codename) VALUES (3, 'Can delete log entry', 1, 'delete_logentry');
INSERT INTO public.auth_permission (id, name, content_type_id, codename) VALUES (4, 'Can view log entry', 1, 'view_logentry');
INSERT INTO public.auth_permission (id, name, content_type_id, codename) VALUES (5, 'Can add permission', 2, 'add_permission');
INSERT INTO public.auth_permission (id, name, content_type_id, codename) VALUES (6, 'Can change permission', 2, 'change_permission');
INSERT INTO public.auth_permission (id, name, content_type_id, codename) VALUES (7, 'Can delete permission', 2, 'delete_permission');
INSERT INTO public.auth_permission (id, name, content_type_id, codename) VALUES (8, 'Can view permission', 2, 'view_permission');
INSERT INTO public.auth_permission (id, name, content_type_id, codename) VALUES (9, 'Can add group', 3, 'add_group');
INSERT INTO public.auth_permission (id, name, content_type_id, codename) VALUES (10, 'Can change group', 3, 'change_group');
INSERT INTO public.auth_permission (id, name, content_type_id, codename) VALUES (11, 'Can delete group', 3, 'delete_group');
INSERT INTO public.auth_permission (id, name, content_type_id, codename) VALUES (12, 'Can view group', 3, 'view_group');
INSERT INTO public.auth_permission (id, name, content_type_id, codename) VALUES (13, 'Can add content type', 4, 'add_contenttype');
INSERT INTO public.auth_permission (id, name, content_type_id, codename) VALUES (14, 'Can change content type', 4, 'change_contenttype');
INSERT INTO public.auth_permission (id, name, content_type_id, codename) VALUES (15, 'Can delete content type', 4, 'delete_contenttype');
INSERT INTO public.auth_permission (id, name, content_type_id, codename) VALUES (16, 'Can view content type', 4, 'view_contenttype');
INSERT INTO public.auth_permission (id, name, content_type_id, codename) VALUES (17, 'Can add session', 5, 'add_session');
INSERT INTO public.auth_permission (id, name, content_type_id, codename) VALUES (18, 'Can change session', 5, 'change_session');
INSERT INTO public.auth_permission (id, name, content_type_id, codename) VALUES (19, 'Can delete session', 5, 'delete_session');
INSERT INTO public.auth_permission (id, name, content_type_id, codename) VALUES (20, 'Can view session', 5, 'view_session');
INSERT INTO public.auth_permission (id, name, content_type_id, codename) VALUES (21, 'Can add user', 6, 'add_user');
INSERT INTO public.auth_permission (id, name, content_type_id, codename) VALUES (22, 'Can change user', 6, 'change_user');
INSERT INTO public.auth_permission (id, name, content_type_id, codename) VALUES (23, 'Can delete user', 6, 'delete_user');
INSERT INTO public.auth_permission (id, name, content_type_id, codename) VALUES (24, 'Can view user', 6, 'view_user');
INSERT INTO public.auth_permission (id, name, content_type_id, codename) VALUES (25, 'Can add task', 7, 'add_task');
INSERT INTO public.auth_permission (id, name, content_type_id, codename) VALUES (26, 'Can change task', 7, 'change_task');
INSERT INTO public.auth_permission (id, name, content_type_id, codename) VALUES (27, 'Can delete task', 7, 'delete_task');
INSERT INTO public.auth_permission (id, name, content_type_id, codename) VALUES (28, 'Can view task', 7, 'view_task');
INSERT INTO public.auth_permission (id, name, content_type_id, codename) VALUES (29, 'Can add comment', 8, 'add_comment');
INSERT INTO public.auth_permission (id, name, content_type_id, codename) VALUES (30, 'Can change comment', 8, 'change_comment');
INSERT INTO public.auth_permission (id, name, content_type_id, codename) VALUES (31, 'Can delete comment', 8, 'delete_comment');
INSERT INTO public.auth_permission (id, name, content_type_id, codename) VALUES (32, 'Can view comment', 8, 'view_comment');
INSERT INTO public.auth_permission (id, name, content_type_id, codename) VALUES (33, 'Can add client', 9, 'add_client');
INSERT INTO public.auth_permission (id, name, content_type_id, codename) VALUES (34, 'Can change client', 9, 'change_client');
INSERT INTO public.auth_permission (id, name, content_type_id, codename) VALUES (35, 'Can delete client', 9, 'delete_client');
INSERT INTO public.auth_permission (id, name, content_type_id, codename) VALUES (36, 'Can view client', 9, 'view_client');
INSERT INTO public.auth_permission (id, name, content_type_id, codename) VALUES (37, 'Can add contact', 10, 'add_contact');
INSERT INTO public.auth_permission (id, name, content_type_id, codename) VALUES (38, 'Can change contact', 10, 'change_contact');
INSERT INTO public.auth_permission (id, name, content_type_id, codename) VALUES (39, 'Can delete contact', 10, 'delete_contact');
INSERT INTO public.auth_permission (id, name, content_type_id, codename) VALUES (40, 'Can view contact', 10, 'view_contact');
INSERT INTO public.auth_permission (id, name, content_type_id, codename) VALUES (41, 'Can add mail', 11, 'add_mail');
INSERT INTO public.auth_permission (id, name, content_type_id, codename) VALUES (42, 'Can change mail', 11, 'change_mail');
INSERT INTO public.auth_permission (id, name, content_type_id, codename) VALUES (43, 'Can delete mail', 11, 'delete_mail');
INSERT INTO public.auth_permission (id, name, content_type_id, codename) VALUES (44, 'Can view mail', 11, 'view_mail');
INSERT INTO public.auth_permission (id, name, content_type_id, codename) VALUES (45, 'Can add attachment', 12, 'add_attachment');
INSERT INTO public.auth_permission (id, name, content_type_id, codename) VALUES (46, 'Can change attachment', 12, 'change_attachment');
INSERT INTO public.auth_permission (id, name, content_type_id, codename) VALUES (47, 'Can delete attachment', 12, 'delete_attachment');
INSERT INTO public.auth_permission (id, name, content_type_id, codename) VALUES (48, 'Can view attachment', 12, 'view_attachment');
INSERT INTO public.auth_permission (id, name, content_type_id, codename) VALUES (49, 'Can view detail reports', 13, 'view_users_report');
INSERT INTO public.auth_permission (id, name, content_type_id, codename) VALUES (50, 'Can view tasks other users', 13, 'view_other_users_tasks');
INSERT INTO public.auth_permission (id, name, content_type_id, codename) VALUES (51, 'Can edit closed task', 13, 'edit_closed_task');
INSERT INTO public.auth_permission (id, name, content_type_id, codename) VALUES (52, 'Can change performer', 13, 'change_performer');
INSERT INTO public.auth_permission (id, name, content_type_id, codename) VALUES (53, 'Can edit vcrm settings', 14, 'edit_settings');
INSERT INTO public.auth_permission (id, name, content_type_id, codename) VALUES (54, 'Can add Почта', 14, 'add_email');
INSERT INTO public.auth_permission (id, name, content_type_id, codename) VALUES (55, 'Can change Почта', 14, 'change_email');
INSERT INTO public.auth_permission (id, name, content_type_id, codename) VALUES (56, 'Can delete Почта', 14, 'delete_email');
INSERT INTO public.auth_permission (id, name, content_type_id, codename) VALUES (57, 'Can view Почта', 14, 'view_email');
INSERT INTO public.auth_permission (id, name, content_type_id, codename) VALUES (58, 'Can add Token', 15, 'add_token');
INSERT INTO public.auth_permission (id, name, content_type_id, codename) VALUES (59, 'Can change Token', 15, 'change_token');
INSERT INTO public.auth_permission (id, name, content_type_id, codename) VALUES (60, 'Can delete Token', 15, 'delete_token');
INSERT INTO public.auth_permission (id, name, content_type_id, codename) VALUES (61, 'Can view Token', 15, 'view_token');
INSERT INTO public.auth_permission (id, name, content_type_id, codename) VALUES (62, 'Can add token', 16, 'add_tokenproxy');
INSERT INTO public.auth_permission (id, name, content_type_id, codename) VALUES (63, 'Can change token', 16, 'change_tokenproxy');
INSERT INTO public.auth_permission (id, name, content_type_id, codename) VALUES (64, 'Can delete token', 16, 'delete_tokenproxy');
INSERT INTO public.auth_permission (id, name, content_type_id, codename) VALUES (65, 'Can view token', 16, 'view_tokenproxy');


--
-- Data for Name: authtoken_token; Type: TABLE DATA; Schema: public; Owner: username
--



--
-- Data for Name: clients_client; Type: TABLE DATA; Schema: public; Owner: username
--



--
-- Data for Name: clients_contact; Type: TABLE DATA; Schema: public; Owner: username
--



--
-- Data for Name: django_admin_log; Type: TABLE DATA; Schema: public; Owner: username
--



--
-- Data for Name: django_content_type; Type: TABLE DATA; Schema: public; Owner: username
--

INSERT INTO public.django_content_type (id, app_label, model) VALUES (6, 'users', 'user');
INSERT INTO public.django_content_type (id, app_label, model) VALUES (7, 'tasks', 'task');
INSERT INTO public.django_content_type (id, app_label, model) VALUES (8, 'tasks', 'comment');
INSERT INTO public.django_content_type (id, app_label, model) VALUES (9, 'clients', 'client');
INSERT INTO public.django_content_type (id, app_label, model) VALUES (10, 'clients', 'contact');
INSERT INTO public.django_content_type (id, app_label, model) VALUES (11, 'mail', 'mail');
INSERT INTO public.django_content_type (id, app_label, model) VALUES (12, 'mail', 'attachment');
INSERT INTO public.django_content_type (id, app_label, model) VALUES (13, 'perms', 'task');
INSERT INTO public.django_content_type (id, app_label, model) VALUES (14, 'settings', 'email');
INSERT INTO public.django_content_type (id, app_label, model) VALUES (15, 'authtoken', 'token');
INSERT INTO public.django_content_type (id, app_label, model) VALUES (16, 'authtoken', 'tokenproxy');
INSERT INTO public.django_content_type (id, app_label, model) VALUES (1, 'admin', 'logentry');
INSERT INTO public.django_content_type (id, app_label, model) VALUES (2, 'auth', 'permission');
INSERT INTO public.django_content_type (id, app_label, model) VALUES (3, 'auth', 'group');
INSERT INTO public.django_content_type (id, app_label, model) VALUES (4, 'contenttypes', 'contenttype');
INSERT INTO public.django_content_type (id, app_label, model) VALUES (5, 'sessions', 'session');


--
-- Data for Name: django_migrations; Type: TABLE DATA; Schema: public; Owner: username
--

INSERT INTO public.django_migrations (id, app, name, applied) VALUES (1, 'contenttypes', '0001_initial', '2024-10-15 19:51:51.621976+03');
INSERT INTO public.django_migrations (id, app, name, applied) VALUES (2, 'contenttypes', '0002_remove_content_type_name', '2024-10-15 19:51:51.624859+03');
INSERT INTO public.django_migrations (id, app, name, applied) VALUES (3, 'auth', '0001_initial', '2024-10-15 19:51:51.638713+03');
INSERT INTO public.django_migrations (id, app, name, applied) VALUES (4, 'auth', '0002_alter_permission_name_max_length', '2024-10-15 19:51:51.641232+03');
INSERT INTO public.django_migrations (id, app, name, applied) VALUES (5, 'auth', '0003_alter_user_email_max_length', '2024-10-15 19:51:51.64325+03');
INSERT INTO public.django_migrations (id, app, name, applied) VALUES (6, 'auth', '0004_alter_user_username_opts', '2024-10-15 19:51:51.645219+03');
INSERT INTO public.django_migrations (id, app, name, applied) VALUES (7, 'auth', '0005_alter_user_last_login_null', '2024-10-15 19:51:51.647325+03');
INSERT INTO public.django_migrations (id, app, name, applied) VALUES (8, 'auth', '0006_require_contenttypes_0002', '2024-10-15 19:51:51.648121+03');
INSERT INTO public.django_migrations (id, app, name, applied) VALUES (9, 'auth', '0007_alter_validators_add_error_messages', '2024-10-15 19:51:51.650291+03');
INSERT INTO public.django_migrations (id, app, name, applied) VALUES (10, 'auth', '0008_alter_user_username_max_length', '2024-10-15 19:51:51.65246+03');
INSERT INTO public.django_migrations (id, app, name, applied) VALUES (11, 'auth', '0009_alter_user_last_name_max_length', '2024-10-15 19:51:51.654466+03');
INSERT INTO public.django_migrations (id, app, name, applied) VALUES (12, 'auth', '0010_alter_group_name_max_length', '2024-10-15 19:51:51.656763+03');
INSERT INTO public.django_migrations (id, app, name, applied) VALUES (13, 'auth', '0011_update_proxy_permissions', '2024-10-15 19:51:51.658891+03');
INSERT INTO public.django_migrations (id, app, name, applied) VALUES (14, 'auth', '0012_alter_user_first_name_max_length', '2024-10-15 19:51:51.660916+03');
INSERT INTO public.django_migrations (id, app, name, applied) VALUES (15, 'users', '0001_initial', '2024-10-15 19:51:51.675201+03');
INSERT INTO public.django_migrations (id, app, name, applied) VALUES (16, 'admin', '0001_initial', '2024-10-15 19:51:51.682048+03');
INSERT INTO public.django_migrations (id, app, name, applied) VALUES (17, 'admin', '0002_logentry_remove_auto_add', '2024-10-15 19:51:51.684959+03');
INSERT INTO public.django_migrations (id, app, name, applied) VALUES (18, 'admin', '0003_logentry_add_action_flag_choices', '2024-10-15 19:51:51.687901+03');
INSERT INTO public.django_migrations (id, app, name, applied) VALUES (19, 'authtoken', '0001_initial', '2024-10-15 19:51:51.693789+03');
INSERT INTO public.django_migrations (id, app, name, applied) VALUES (20, 'authtoken', '0002_auto_20160226_1747', '2024-10-15 19:51:51.703399+03');
INSERT INTO public.django_migrations (id, app, name, applied) VALUES (21, 'authtoken', '0003_tokenproxy', '2024-10-15 19:51:51.728259+03');
INSERT INTO public.django_migrations (id, app, name, applied) VALUES (22, 'clients', '0001_initial', '2024-10-15 19:51:51.738246+03');
INSERT INTO public.django_migrations (id, app, name, applied) VALUES (23, 'mail', '0001_initial', '2024-10-15 19:51:51.744836+03');
INSERT INTO public.django_migrations (id, app, name, applied) VALUES (24, 'sessions', '0001_initial', '2024-10-15 19:51:51.749119+03');
INSERT INTO public.django_migrations (id, app, name, applied) VALUES (25, 'settings', '0001_initial', '2024-10-15 19:51:51.757054+03');
INSERT INTO public.django_migrations (id, app, name, applied) VALUES (26, 'tasks', '0001_initial', '2024-10-15 19:51:51.78583+03');
INSERT INTO public.django_migrations (id, app, name, applied) VALUES (27, 'tasks', '0002_alter_comment_comment', '2024-10-15 19:59:33.257622+03');


--
-- Data for Name: django_session; Type: TABLE DATA; Schema: public; Owner: username
--



--
-- Data for Name: mail_attachment; Type: TABLE DATA; Schema: public; Owner: username
--



--
-- Data for Name: mail_mail; Type: TABLE DATA; Schema: public; Owner: username
--



--
-- Data for Name: settings_email; Type: TABLE DATA; Schema: public; Owner: username
--



--
-- Data for Name: tasks_comment; Type: TABLE DATA; Schema: public; Owner: username
--



--
-- Data for Name: tasks_task; Type: TABLE DATA; Schema: public; Owner: username
--



--
-- Data for Name: users_user; Type: TABLE DATA; Schema: public; Owner: username
--

INSERT INTO public.users_user (id, password, last_login, is_superuser, email, first_name, last_name, is_active, date_joined, is_staff, background, avatar, notify_new_tasks) VALUES (1, 'pbkdf2_sha256$600000$BfFv91HIag8xzRyccTY0VM$M6rkxmJ1c5/TvqxRXIH8pVlu5lRCwjUU7gZrqDgwVcw=', NULL, true, 'admin@admin.ru', 'admin', 'n', true, '2024-10-15 20:11:26.296569+03', true, 'season', 'default_avatar.png', false);


--
-- Data for Name: users_user_groups; Type: TABLE DATA; Schema: public; Owner: username
--



--
-- Data for Name: users_user_user_permissions; Type: TABLE DATA; Schema: public; Owner: username
--



--
-- Name: auth_group_id_seq; Type: SEQUENCE SET; Schema: public; Owner: username
--

SELECT pg_catalog.setval('public.auth_group_id_seq', 1, false);


--
-- Name: auth_group_permissions_id_seq; Type: SEQUENCE SET; Schema: public; Owner: username
--

SELECT pg_catalog.setval('public.auth_group_permissions_id_seq', 1, false);


--
-- Name: auth_permission_id_seq; Type: SEQUENCE SET; Schema: public; Owner: username
--

SELECT pg_catalog.setval('public.auth_permission_id_seq', 60, true);


--
-- Name: clients_client_id_seq; Type: SEQUENCE SET; Schema: public; Owner: username
--

SELECT pg_catalog.setval('public.clients_client_id_seq', 1, false);


--
-- Name: clients_contact_id_seq; Type: SEQUENCE SET; Schema: public; Owner: username
--

SELECT pg_catalog.setval('public.clients_contact_id_seq', 1, false);


--
-- Name: django_admin_log_id_seq; Type: SEQUENCE SET; Schema: public; Owner: username
--

SELECT pg_catalog.setval('public.django_admin_log_id_seq', 1, false);


--
-- Name: django_content_type_id_seq; Type: SEQUENCE SET; Schema: public; Owner: username
--

SELECT pg_catalog.setval('public.django_content_type_id_seq', 15, true);


--
-- Name: django_migrations_id_seq; Type: SEQUENCE SET; Schema: public; Owner: username
--

SELECT pg_catalog.setval('public.django_migrations_id_seq', 27, true);


--
-- Name: mail_attachment_id_seq; Type: SEQUENCE SET; Schema: public; Owner: username
--

SELECT pg_catalog.setval('public.mail_attachment_id_seq', 1, false);


--
-- Name: mail_mail_id_seq; Type: SEQUENCE SET; Schema: public; Owner: username
--

SELECT pg_catalog.setval('public.mail_mail_id_seq', 1, false);


--
-- Name: settings_email_id_seq; Type: SEQUENCE SET; Schema: public; Owner: username
--

SELECT pg_catalog.setval('public.settings_email_id_seq', 1, false);


--
-- Name: tasks_comment_id_seq; Type: SEQUENCE SET; Schema: public; Owner: username
--

SELECT pg_catalog.setval('public.tasks_comment_id_seq', 1, false);


--
-- Name: tasks_task_id_seq; Type: SEQUENCE SET; Schema: public; Owner: username
--

SELECT pg_catalog.setval('public.tasks_task_id_seq', 1, false);


--
-- Name: users_user_groups_id_seq; Type: SEQUENCE SET; Schema: public; Owner: username
--

SELECT pg_catalog.setval('public.users_user_groups_id_seq', 1, false);


--
-- Name: users_user_id_seq; Type: SEQUENCE SET; Schema: public; Owner: username
--

SELECT pg_catalog.setval('public.users_user_id_seq', 1, true);


--
-- Name: users_user_user_permissions_id_seq; Type: SEQUENCE SET; Schema: public; Owner: username
--

SELECT pg_catalog.setval('public.users_user_user_permissions_id_seq', 1, false);


--
-- Name: apscheduler_jobs apscheduler_jobs_pkey; Type: CONSTRAINT; Schema: public; Owner: username
--

ALTER TABLE ONLY public.apscheduler_jobs
    ADD CONSTRAINT apscheduler_jobs_pkey PRIMARY KEY (id);


--
-- Name: auth_group auth_group_name_key; Type: CONSTRAINT; Schema: public; Owner: username
--

ALTER TABLE ONLY public.auth_group
    ADD CONSTRAINT auth_group_name_key UNIQUE (name);


--
-- Name: auth_group_permissions auth_group_permissions_group_id_permission_id_0cd325b0_uniq; Type: CONSTRAINT; Schema: public; Owner: username
--

ALTER TABLE ONLY public.auth_group_permissions
    ADD CONSTRAINT auth_group_permissions_group_id_permission_id_0cd325b0_uniq UNIQUE (group_id, permission_id);


--
-- Name: auth_group_permissions auth_group_permissions_pkey; Type: CONSTRAINT; Schema: public; Owner: username
--

ALTER TABLE ONLY public.auth_group_permissions
    ADD CONSTRAINT auth_group_permissions_pkey PRIMARY KEY (id);


--
-- Name: auth_group auth_group_pkey; Type: CONSTRAINT; Schema: public; Owner: username
--

ALTER TABLE ONLY public.auth_group
    ADD CONSTRAINT auth_group_pkey PRIMARY KEY (id);


--
-- Name: auth_permission auth_permission_content_type_id_codename_01ab375a_uniq; Type: CONSTRAINT; Schema: public; Owner: username
--

ALTER TABLE ONLY public.auth_permission
    ADD CONSTRAINT auth_permission_content_type_id_codename_01ab375a_uniq UNIQUE (content_type_id, codename);


--
-- Name: auth_permission auth_permission_pkey; Type: CONSTRAINT; Schema: public; Owner: username
--

ALTER TABLE ONLY public.auth_permission
    ADD CONSTRAINT auth_permission_pkey PRIMARY KEY (id);


--
-- Name: authtoken_token authtoken_token_pkey; Type: CONSTRAINT; Schema: public; Owner: username
--

ALTER TABLE ONLY public.authtoken_token
    ADD CONSTRAINT authtoken_token_pkey PRIMARY KEY (key);


--
-- Name: authtoken_token authtoken_token_user_id_key; Type: CONSTRAINT; Schema: public; Owner: username
--

ALTER TABLE ONLY public.authtoken_token
    ADD CONSTRAINT authtoken_token_user_id_key UNIQUE (user_id);


--
-- Name: clients_client clients_client_name_key; Type: CONSTRAINT; Schema: public; Owner: username
--

ALTER TABLE ONLY public.clients_client
    ADD CONSTRAINT clients_client_name_key UNIQUE (name);


--
-- Name: clients_client clients_client_pkey; Type: CONSTRAINT; Schema: public; Owner: username
--

ALTER TABLE ONLY public.clients_client
    ADD CONSTRAINT clients_client_pkey PRIMARY KEY (id);


--
-- Name: clients_contact clients_contact_contact_key; Type: CONSTRAINT; Schema: public; Owner: username
--

ALTER TABLE ONLY public.clients_contact
    ADD CONSTRAINT clients_contact_contact_key UNIQUE (contact);


--
-- Name: clients_contact clients_contact_pkey; Type: CONSTRAINT; Schema: public; Owner: username
--

ALTER TABLE ONLY public.clients_contact
    ADD CONSTRAINT clients_contact_pkey PRIMARY KEY (id);


--
-- Name: django_admin_log django_admin_log_pkey; Type: CONSTRAINT; Schema: public; Owner: username
--

ALTER TABLE ONLY public.django_admin_log
    ADD CONSTRAINT django_admin_log_pkey PRIMARY KEY (id);


--
-- Name: django_content_type django_content_type_app_label_model_76bd3d3b_uniq; Type: CONSTRAINT; Schema: public; Owner: username
--

ALTER TABLE ONLY public.django_content_type
    ADD CONSTRAINT django_content_type_app_label_model_76bd3d3b_uniq UNIQUE (app_label, model);


--
-- Name: django_content_type django_content_type_pkey; Type: CONSTRAINT; Schema: public; Owner: username
--

ALTER TABLE ONLY public.django_content_type
    ADD CONSTRAINT django_content_type_pkey PRIMARY KEY (id);


--
-- Name: django_migrations django_migrations_pkey; Type: CONSTRAINT; Schema: public; Owner: username
--

ALTER TABLE ONLY public.django_migrations
    ADD CONSTRAINT django_migrations_pkey PRIMARY KEY (id);


--
-- Name: django_session django_session_pkey; Type: CONSTRAINT; Schema: public; Owner: username
--

ALTER TABLE ONLY public.django_session
    ADD CONSTRAINT django_session_pkey PRIMARY KEY (session_key);


--
-- Name: mail_attachment mail_attachment_pkey; Type: CONSTRAINT; Schema: public; Owner: username
--

ALTER TABLE ONLY public.mail_attachment
    ADD CONSTRAINT mail_attachment_pkey PRIMARY KEY (id);


--
-- Name: mail_mail mail_mail_messageid_key; Type: CONSTRAINT; Schema: public; Owner: username
--

ALTER TABLE ONLY public.mail_mail
    ADD CONSTRAINT mail_mail_messageid_key UNIQUE (messageid);


--
-- Name: mail_mail mail_mail_pkey; Type: CONSTRAINT; Schema: public; Owner: username
--

ALTER TABLE ONLY public.mail_mail
    ADD CONSTRAINT mail_mail_pkey PRIMARY KEY (id);


--
-- Name: settings_email settings_email_email_key; Type: CONSTRAINT; Schema: public; Owner: username
--

ALTER TABLE ONLY public.settings_email
    ADD CONSTRAINT settings_email_email_key UNIQUE (email);


--
-- Name: settings_email settings_email_pkey; Type: CONSTRAINT; Schema: public; Owner: username
--

ALTER TABLE ONLY public.settings_email
    ADD CONSTRAINT settings_email_pkey PRIMARY KEY (id);


--
-- Name: tasks_comment tasks_comment_pkey; Type: CONSTRAINT; Schema: public; Owner: username
--

ALTER TABLE ONLY public.tasks_comment
    ADD CONSTRAINT tasks_comment_pkey PRIMARY KEY (id);


--
-- Name: tasks_task tasks_task_pkey; Type: CONSTRAINT; Schema: public; Owner: username
--

ALTER TABLE ONLY public.tasks_task
    ADD CONSTRAINT tasks_task_pkey PRIMARY KEY (id);


--
-- Name: users_user users_user_email_key; Type: CONSTRAINT; Schema: public; Owner: username
--

ALTER TABLE ONLY public.users_user
    ADD CONSTRAINT users_user_email_key UNIQUE (email);


--
-- Name: users_user_groups users_user_groups_pkey; Type: CONSTRAINT; Schema: public; Owner: username
--

ALTER TABLE ONLY public.users_user_groups
    ADD CONSTRAINT users_user_groups_pkey PRIMARY KEY (id);


--
-- Name: users_user_groups users_user_groups_user_id_group_id_b88eab82_uniq; Type: CONSTRAINT; Schema: public; Owner: username
--

ALTER TABLE ONLY public.users_user_groups
    ADD CONSTRAINT users_user_groups_user_id_group_id_b88eab82_uniq UNIQUE (user_id, group_id);


--
-- Name: users_user users_user_pkey; Type: CONSTRAINT; Schema: public; Owner: username
--

ALTER TABLE ONLY public.users_user
    ADD CONSTRAINT users_user_pkey PRIMARY KEY (id);


--
-- Name: users_user_user_permissions users_user_user_permissions_pkey; Type: CONSTRAINT; Schema: public; Owner: username
--

ALTER TABLE ONLY public.users_user_user_permissions
    ADD CONSTRAINT users_user_user_permissions_pkey PRIMARY KEY (id);


--
-- Name: users_user_user_permissions users_user_user_permissions_user_id_permission_id_43338c45_uniq; Type: CONSTRAINT; Schema: public; Owner: username
--

ALTER TABLE ONLY public.users_user_user_permissions
    ADD CONSTRAINT users_user_user_permissions_user_id_permission_id_43338c45_uniq UNIQUE (user_id, permission_id);


--
-- Name: auth_group_name_a6ea08ec_like; Type: INDEX; Schema: public; Owner: username
--

CREATE INDEX auth_group_name_a6ea08ec_like ON public.auth_group USING btree (name varchar_pattern_ops);


--
-- Name: auth_group_permissions_group_id_b120cbf9; Type: INDEX; Schema: public; Owner: username
--

CREATE INDEX auth_group_permissions_group_id_b120cbf9 ON public.auth_group_permissions USING btree (group_id);


--
-- Name: auth_group_permissions_permission_id_84c5c92e; Type: INDEX; Schema: public; Owner: username
--

CREATE INDEX auth_group_permissions_permission_id_84c5c92e ON public.auth_group_permissions USING btree (permission_id);


--
-- Name: auth_permission_content_type_id_2f476e4b; Type: INDEX; Schema: public; Owner: username
--

CREATE INDEX auth_permission_content_type_id_2f476e4b ON public.auth_permission USING btree (content_type_id);


--
-- Name: authtoken_token_key_10f0b77e_like; Type: INDEX; Schema: public; Owner: username
--

CREATE INDEX authtoken_token_key_10f0b77e_like ON public.authtoken_token USING btree (key varchar_pattern_ops);


--
-- Name: clients_client_name_f798fa6e_like; Type: INDEX; Schema: public; Owner: username
--

CREATE INDEX clients_client_name_f798fa6e_like ON public.clients_client USING btree (name varchar_pattern_ops);


--
-- Name: clients_contact_client_id_77862ce8; Type: INDEX; Schema: public; Owner: username
--

CREATE INDEX clients_contact_client_id_77862ce8 ON public.clients_contact USING btree (client_id);


--
-- Name: clients_contact_contact_576e9814_like; Type: INDEX; Schema: public; Owner: username
--

CREATE INDEX clients_contact_contact_576e9814_like ON public.clients_contact USING btree (contact varchar_pattern_ops);


--
-- Name: django_admin_log_content_type_id_c4bce8eb; Type: INDEX; Schema: public; Owner: username
--

CREATE INDEX django_admin_log_content_type_id_c4bce8eb ON public.django_admin_log USING btree (content_type_id);


--
-- Name: django_admin_log_user_id_c564eba6; Type: INDEX; Schema: public; Owner: username
--

CREATE INDEX django_admin_log_user_id_c564eba6 ON public.django_admin_log USING btree (user_id);


--
-- Name: django_session_expire_date_a5c62663; Type: INDEX; Schema: public; Owner: username
--

CREATE INDEX django_session_expire_date_a5c62663 ON public.django_session USING btree (expire_date);


--
-- Name: django_session_session_key_c0390e0f_like; Type: INDEX; Schema: public; Owner: username
--

CREATE INDEX django_session_session_key_c0390e0f_like ON public.django_session USING btree (session_key varchar_pattern_ops);


--
-- Name: ix_apscheduler_jobs_next_run_time; Type: INDEX; Schema: public; Owner: username
--

CREATE INDEX ix_apscheduler_jobs_next_run_time ON public.apscheduler_jobs USING btree (next_run_time);


--
-- Name: mail_attachment_mail_id_96497b32; Type: INDEX; Schema: public; Owner: username
--

CREATE INDEX mail_attachment_mail_id_96497b32 ON public.mail_attachment USING btree (mail_id);


--
-- Name: sending_unique; Type: INDEX; Schema: public; Owner: username
--

CREATE UNIQUE INDEX sending_unique ON public.settings_email USING btree (sending) WHERE sending;


--
-- Name: settings_email_email_97015667_like; Type: INDEX; Schema: public; Owner: username
--

CREATE INDEX settings_email_email_97015667_like ON public.settings_email USING btree (email varchar_pattern_ops);


--
-- Name: tasks_comment_performer_id_e8db8fe8; Type: INDEX; Schema: public; Owner: username
--

CREATE INDEX tasks_comment_performer_id_e8db8fe8 ON public.tasks_comment USING btree (performer_id);


--
-- Name: tasks_comment_task_id_8e8bc4fe; Type: INDEX; Schema: public; Owner: username
--

CREATE INDEX tasks_comment_task_id_8e8bc4fe ON public.tasks_comment USING btree (task_id);


--
-- Name: tasks_task_client_id_556892eb; Type: INDEX; Schema: public; Owner: username
--

CREATE INDEX tasks_task_client_id_556892eb ON public.tasks_task USING btree (client_id);


--
-- Name: tasks_task_mail_id_cd69f3a3; Type: INDEX; Schema: public; Owner: username
--

CREATE INDEX tasks_task_mail_id_cd69f3a3 ON public.tasks_task USING btree (mail_id);


--
-- Name: tasks_task_performer_id_dc833f36; Type: INDEX; Schema: public; Owner: username
--

CREATE INDEX tasks_task_performer_id_dc833f36 ON public.tasks_task USING btree (performer_id);


--
-- Name: users_user_email_243f6e77_like; Type: INDEX; Schema: public; Owner: username
--

CREATE INDEX users_user_email_243f6e77_like ON public.users_user USING btree (email varchar_pattern_ops);


--
-- Name: users_user_groups_group_id_9afc8d0e; Type: INDEX; Schema: public; Owner: username
--

CREATE INDEX users_user_groups_group_id_9afc8d0e ON public.users_user_groups USING btree (group_id);


--
-- Name: users_user_groups_user_id_5f6f5a90; Type: INDEX; Schema: public; Owner: username
--

CREATE INDEX users_user_groups_user_id_5f6f5a90 ON public.users_user_groups USING btree (user_id);


--
-- Name: users_user_user_permissions_permission_id_0b93982e; Type: INDEX; Schema: public; Owner: username
--

CREATE INDEX users_user_user_permissions_permission_id_0b93982e ON public.users_user_user_permissions USING btree (permission_id);


--
-- Name: users_user_user_permissions_user_id_20aca447; Type: INDEX; Schema: public; Owner: username
--

CREATE INDEX users_user_user_permissions_user_id_20aca447 ON public.users_user_user_permissions USING btree (user_id);


--
-- Name: auth_group_permissions auth_group_permissio_permission_id_84c5c92e_fk_auth_perm; Type: FK CONSTRAINT; Schema: public; Owner: username
--

ALTER TABLE ONLY public.auth_group_permissions
    ADD CONSTRAINT auth_group_permissio_permission_id_84c5c92e_fk_auth_perm FOREIGN KEY (permission_id) REFERENCES public.auth_permission(id) DEFERRABLE INITIALLY DEFERRED;


--
-- Name: auth_group_permissions auth_group_permissions_group_id_b120cbf9_fk_auth_group_id; Type: FK CONSTRAINT; Schema: public; Owner: username
--

ALTER TABLE ONLY public.auth_group_permissions
    ADD CONSTRAINT auth_group_permissions_group_id_b120cbf9_fk_auth_group_id FOREIGN KEY (group_id) REFERENCES public.auth_group(id) DEFERRABLE INITIALLY DEFERRED;


--
-- Name: auth_permission auth_permission_content_type_id_2f476e4b_fk_django_co; Type: FK CONSTRAINT; Schema: public; Owner: username
--

ALTER TABLE ONLY public.auth_permission
    ADD CONSTRAINT auth_permission_content_type_id_2f476e4b_fk_django_co FOREIGN KEY (content_type_id) REFERENCES public.django_content_type(id) DEFERRABLE INITIALLY DEFERRED;


--
-- Name: authtoken_token authtoken_token_user_id_35299eff_fk_users_user_id; Type: FK CONSTRAINT; Schema: public; Owner: username
--

ALTER TABLE ONLY public.authtoken_token
    ADD CONSTRAINT authtoken_token_user_id_35299eff_fk_users_user_id FOREIGN KEY (user_id) REFERENCES public.users_user(id) DEFERRABLE INITIALLY DEFERRED;


--
-- Name: clients_contact clients_contact_client_id_77862ce8_fk_clients_client_id; Type: FK CONSTRAINT; Schema: public; Owner: username
--

ALTER TABLE ONLY public.clients_contact
    ADD CONSTRAINT clients_contact_client_id_77862ce8_fk_clients_client_id FOREIGN KEY (client_id) REFERENCES public.clients_client(id) DEFERRABLE INITIALLY DEFERRED;


--
-- Name: django_admin_log django_admin_log_content_type_id_c4bce8eb_fk_django_co; Type: FK CONSTRAINT; Schema: public; Owner: username
--

ALTER TABLE ONLY public.django_admin_log
    ADD CONSTRAINT django_admin_log_content_type_id_c4bce8eb_fk_django_co FOREIGN KEY (content_type_id) REFERENCES public.django_content_type(id) DEFERRABLE INITIALLY DEFERRED;


--
-- Name: django_admin_log django_admin_log_user_id_c564eba6_fk_users_user_id; Type: FK CONSTRAINT; Schema: public; Owner: username
--

ALTER TABLE ONLY public.django_admin_log
    ADD CONSTRAINT django_admin_log_user_id_c564eba6_fk_users_user_id FOREIGN KEY (user_id) REFERENCES public.users_user(id) DEFERRABLE INITIALLY DEFERRED;


--
-- Name: mail_attachment mail_attachment_mail_id_96497b32_fk_mail_mail_id; Type: FK CONSTRAINT; Schema: public; Owner: username
--

ALTER TABLE ONLY public.mail_attachment
    ADD CONSTRAINT mail_attachment_mail_id_96497b32_fk_mail_mail_id FOREIGN KEY (mail_id) REFERENCES public.mail_mail(id) DEFERRABLE INITIALLY DEFERRED;


--
-- Name: tasks_comment tasks_comment_performer_id_e8db8fe8_fk_users_user_id; Type: FK CONSTRAINT; Schema: public; Owner: username
--

ALTER TABLE ONLY public.tasks_comment
    ADD CONSTRAINT tasks_comment_performer_id_e8db8fe8_fk_users_user_id FOREIGN KEY (performer_id) REFERENCES public.users_user(id) DEFERRABLE INITIALLY DEFERRED;


--
-- Name: tasks_comment tasks_comment_task_id_8e8bc4fe_fk_tasks_task_id; Type: FK CONSTRAINT; Schema: public; Owner: username
--

ALTER TABLE ONLY public.tasks_comment
    ADD CONSTRAINT tasks_comment_task_id_8e8bc4fe_fk_tasks_task_id FOREIGN KEY (task_id) REFERENCES public.tasks_task(id) DEFERRABLE INITIALLY DEFERRED;


--
-- Name: tasks_task tasks_task_client_id_556892eb_fk_clients_client_id; Type: FK CONSTRAINT; Schema: public; Owner: username
--

ALTER TABLE ONLY public.tasks_task
    ADD CONSTRAINT tasks_task_client_id_556892eb_fk_clients_client_id FOREIGN KEY (client_id) REFERENCES public.clients_client(id) DEFERRABLE INITIALLY DEFERRED;


--
-- Name: tasks_task tasks_task_mail_id_cd69f3a3_fk_mail_mail_id; Type: FK CONSTRAINT; Schema: public; Owner: username
--

ALTER TABLE ONLY public.tasks_task
    ADD CONSTRAINT tasks_task_mail_id_cd69f3a3_fk_mail_mail_id FOREIGN KEY (mail_id) REFERENCES public.mail_mail(id) DEFERRABLE INITIALLY DEFERRED;


--
-- Name: tasks_task tasks_task_performer_id_dc833f36_fk_users_user_id; Type: FK CONSTRAINT; Schema: public; Owner: username
--

ALTER TABLE ONLY public.tasks_task
    ADD CONSTRAINT tasks_task_performer_id_dc833f36_fk_users_user_id FOREIGN KEY (performer_id) REFERENCES public.users_user(id) DEFERRABLE INITIALLY DEFERRED;


--
-- Name: users_user_groups users_user_groups_group_id_9afc8d0e_fk_auth_group_id; Type: FK CONSTRAINT; Schema: public; Owner: username
--

ALTER TABLE ONLY public.users_user_groups
    ADD CONSTRAINT users_user_groups_group_id_9afc8d0e_fk_auth_group_id FOREIGN KEY (group_id) REFERENCES public.auth_group(id) DEFERRABLE INITIALLY DEFERRED;


--
-- Name: users_user_groups users_user_groups_user_id_5f6f5a90_fk_users_user_id; Type: FK CONSTRAINT; Schema: public; Owner: username
--

ALTER TABLE ONLY public.users_user_groups
    ADD CONSTRAINT users_user_groups_user_id_5f6f5a90_fk_users_user_id FOREIGN KEY (user_id) REFERENCES public.users_user(id) DEFERRABLE INITIALLY DEFERRED;


--
-- Name: users_user_user_permissions users_user_user_perm_permission_id_0b93982e_fk_auth_perm; Type: FK CONSTRAINT; Schema: public; Owner: username
--

ALTER TABLE ONLY public.users_user_user_permissions
    ADD CONSTRAINT users_user_user_perm_permission_id_0b93982e_fk_auth_perm FOREIGN KEY (permission_id) REFERENCES public.auth_permission(id) DEFERRABLE INITIALLY DEFERRED;


--
-- Name: users_user_user_permissions users_user_user_permissions_user_id_20aca447_fk_users_user_id; Type: FK CONSTRAINT; Schema: public; Owner: username
--

ALTER TABLE ONLY public.users_user_user_permissions
    ADD CONSTRAINT users_user_user_permissions_user_id_20aca447_fk_users_user_id FOREIGN KEY (user_id) REFERENCES public.users_user(id) DEFERRABLE INITIALLY DEFERRED;


--
-- PostgreSQL database dump complete
--

